subject_id,label,eda_mean,eda_std,eda_peak_count,eda_peak_amplitude,heart_rate_bpm,rmssd,sdnn,resp_rate_bpm,resp_variability
S2,baseline,-0.03285735805056315,1.7534316703557031,1.5047304911114772,-0.7188745458090988,1.1959001398231777,0.6096106080505103,0.9988223858528886,-0.5105515746566012,-0.025724892246806953
S2,baseline,-0.30819452514245244,1.2387219157380358,1.5357615292519031,-0.4058516246821143,0.16661072216380282,-0.3049581736919449,-0.2092955100553579,-2.00854355744026,0.764488091819745
S2,baseline,-0.5099629757911163,0.496967288934846,1.5353085213958386,-0.22652400748378335,0.5318724498723146,0.005881445587101476,-0.19856938904457846,-2.00854355744026,-2.7528326560414684
S2,baseline,-0.6679124079398807,0.5889684369630106,1.7991855975534758,-0.21014704833123218,0.3069287068296348,-0.38302450633265656,-0.9493120030481952,-2.00854355744026,-0.14482739765631789
S2,baseline,-0.8144610538339663,0.08270381376507065,1.944827623278249,-0.1321750159756015,0.3436517080516046,-0.34874698492303013,-0.6693277404036325,-2.00854355744026,0.021894145209271847
S2,baseline,-0.9158848942628988,-0.21729851461319394,1.927839828675826,-0.0528055759467892,0.1522783335534208,-0.2575722189659704,-0.2873349984593143,-1.5092128965123768,0.5565427261978859
S2,baseline,-0.9917911986905856,-0.32927535305358097,2.0499254458852394,-0.0701786233878877,0.2936881078480399,-0.35980154335479164,-0.7930268814767858,-2.00854355744026,-0.7105298474119573
S2,baseline,-1.0561350767331061,-0.44978753239912495,2.0361087062752685,-0.031010928076029322,0.24938125672195266,-0.16138418569249013,-0.9074493815181932,-2.00854355744026,-1.1262748947480157
S2,baseline,-1.1033362438677108,-0.5905845198873828,1.9534347725434766,0.10095418966749216,0.2836816423806475,-0.08825904375969319,-0.533169645365956,-2.00854355744026,-0.27557540956484344
S2,baseline,-1.139242731312198,-0.634333850648697,2.0388267534116564,0.0406445980429923,0.2943562402068961,-0.13771912300483924,-0.9107314906807789,-2.00854355744026,0.4168176302500658
S2,baseline,-1.169259574394881,-0.6840317245929929,1.629307651529246,0.2582483651174344,0.23621649101186906,-0.20861505017127027,-0.6733587536243606,-2.00854355744026,1.125277996811986
S2,baseline,-1.1932220224284529,-0.7143287839918402,1.8130023371634467,0.1515154986639041,0.08544303650224269,-0.45372699381755827,-0.6459528391556152,-2.00854355744026,2.343156522742474
S2,baseline,-1.2158880212130165,-0.6949791632923394,1.8587561306259723,0.19597964885029967,0.17969307652459685,0.11952972170670677,-0.564331711589651,-2.00854355744026,1.7871213589810204
S2,baseline,-1.239995153970659,-0.7083504564739131,0.9960026687509161,0.5744256803271608,0.0034175805528227857,-0.4470631012153038,-0.7363267907083999,-2.00854355744026,2.3638449440549967
S2,baseline,-1.2636295546411138,-0.724812889980255,0.5371057105574626,1.1708944425823238,0.11703328449715109,0.23102852547752412,-0.3727652714560724,-1.5092128965123768,1.6080553763621976
S2,baseline,-1.2765710157100003,-0.7695577449176421,0.29066943685831287,1.3828250915881892,0.11368548451495276,0.1746349798085371,-0.15064717837680594,-2.00854355744026,0.9895409596083562
S2,baseline,-1.2865522061036914,-0.7701787061969169,0.039703084598516944,1.535306259386472,0.24674424810591325,-0.21988668281104365,-0.5994287872269572,-2.00854355744026,-1.5826473880548704
S2,baseline,-1.294585997485898,-0.7859803964487821,-0.12677730250522853,1.6872218300117952,0.544070678493014,-0.29314763196035,-0.8777162852168899,-0.011220913728715923,1.0481166498911216
S2,baseline,-1.3043178143277387,-0.7260596895013612,-0.2928046817529094,1.7328058802139947,0.8399180940853713,-0.35990834590574083,-0.21944364824965756,-1.0098822355844899,1.3414278755879463
S2,stress,-1.2719397593523853,-0.5608315182361792,1.0234096440428253,0.8469736371550305,1.7582197635483003,0.24612375969793854,1.48020542326113,0.48810974719917105,-0.4423419268794315
S2,stress,-1.2657816790759457,-0.38921731922709185,1.5162821914411249,0.5509816073629601,0.9392509929672387,-0.4770463482194936,-0.25230744396032545,0.987440408127058,-0.7252548076522684
S2,stress,-1.2516429710351717,-0.777498376564276,0.8136670066849092,0.9062796940159643,0.8393799948810738,-0.7577131344927861,-0.06929343050165153,0.987440408127058,-0.5345598153386744
S2,stress,-1.2158187334842818,-0.3130867934346455,1.4132229041864253,0.46453066312003377,1.5183151632186154,1.024801082970366,0.655954259350806,1.486771069054945,-1.2645441960169135
S2,stress,-1.1882027838096962,-0.43520157140759963,1.8805005077170738,0.19791775498952724,0.5029855187008663,-0.4975119769068586,0.3168325730520614,0.987440408127058,-1.1069084013581296
S2,stress,-1.166886007938826,-0.22426537953840436,1.946413150774475,0.10898656840800128,0.6418166743755688,-0.8632183541347818,-1.0887143557719616,-0.5105515746566012,0.0009643078802579058
S2,stress,-1.0730392300000573,-0.3027755189696715,2.003265636710584,-0.04019717908384853,0.4140901676255697,-0.7141311668952864,-0.8230406716257637,-0.5105515746566012,0.0071928786098196746
S2,stress,-0.9529593187094723,1.231456608596406,1.680271035336515,0.004283838907876471,0.4299381693630407,-0.8914920322686016,-1.0027077300217737,-1.0098822355844899,0.7839031991372039
S2,stress,-0.8073125952400706,0.26272000610873325,1.8521875167130357,-0.17264665579016836,0.6074328098322754,-0.4714879272739574,-0.644396518544579,0.48810974719917105,-0.6895834106131595
S2,stress,-0.7195618345630979,0.23595684886247417,2.0664602326315977,-0.38344352192273773,0.4589391359518302,-0.7061526021283082,-1.1882633197657637,-0.011220913728715923,0.4350065999345445
S2,amusement,-1.1756233716035476,2.462432167828293,0.5144553177542319,0.9693420895677656,-0.2694479892138753,0.8308427326496196,1.3193067420890376,-2.00854355744026,1.0588185330111368
S2,amusement,-1.4035023138151663,-0.5702926132291655,0.23019288807368693,2.8039825063303003,-0.17878146219493712,-0.1176896447173499,-0.593438669879741,-2.00854355744026,-0.1724351549765928
S2,amusement,-1.3950608309099466,-0.5473789030908225,0.260544414430016,2.8091934957310176,-0.05800685568157894,0.6751990223674501,-0.41862160407214905,-2.00854355744026,-2.7528326560414684
S2,amusement,-1.4268478921810992,-0.6597152441329797,-0.14829517566829767,2.8298714955596806,-0.46926167357531057,0.7530598670096759,-0.1743212490924375,-1.5092128965123768,1.8136985363761298
S2,amusement,-1.4389511594539472,-0.6860915524876193,-0.19835254376343747,2.81231571939782,0.21787062475559113,1.0085756864133828,1.844929970465496,-1.0098822355844899,1.8224132133849726
S2,amusement,-1.4658775570234044,-0.40122843929172314,-0.1990320555475344,2.4014737295787727,-0.19836495775266977,1.495555860058541,1.1759015770244703,-0.5105515746566012,0.3704684017715087
S3,baseline,0.9889837368151453,2.462432167828293,-0.9299602313077884,-0.6999715218723481,-1.2172338966268563,1.0441036874789027,1.489455345335976,0.987440408127058,0.024845491371344917
S3,baseline,1.2252385742241894,0.06075217794457464,-0.9985909215015772,-0.0048359846902180075,-1.1971052423883195,2.0554510474899312,1.418862051316167,0.48810974719917105,0.559502244760924
S3,baseline,1.0020186808477385,1.0886029933417822,-0.9532901358951159,-0.5629907602677764,-1.468612020597555,1.52123939870294,0.8068662120286375,-0.011220913728715923,1.7114821681665071
S3,baseline,0.8374443279536569,0.22405315276507637,-0.8262214322689918,-0.855641684816753,-1.4087972246458325,2.6728500833230573,2.4895310834677065,0.48810974719917105,0.4955424376707891
S3,baseline,0.7166566727883205,-0.22222477496983567,-0.6248594402482711,-1.1683724226937395,-1.265356556823328,1.0257849143653397,0.5984397974390546,-0.011220913728715923,1.031619855391006
S3,baseline,0.663924424759107,-0.629335172276089,-0.615119771342882,-1.1468648483420296,-1.1358563670951636,0.93770972628718,1.954697000988614,0.48810974719917105,0.20234317813842523
S3,baseline,0.6260997938608642,-0.47903853799737117,-0.543544530084673,-1.2093587357603555,-1.4895977768546933,2.6728500833230573,2.4895310834677065,-0.5105515746566012,0.9617505126522891
S3,baseline,0.5786978431552862,-0.6516591839355368,-0.4735548163226902,-1.2619162233998693,-1.1723259717964,2.6728500833230573,2.4895310834677065,0.987440408127058,0.18991449203424948
S3,baseline,0.5505831947432865,-0.7717827202148397,-0.3904278747348336,-1.240226866397971,-1.0527545435469643,2.6728500833230573,2.4895310834677065,-0.5105515746566012,0.8670612672995455
S3,baseline,0.5335522311181304,-0.7447863105707029,-0.3775171508369921,-1.3127952895379964,-1.0184655300105414,2.295821934753208,2.4895310834677065,0.48810974719917105,0.05960345931089328
S3,baseline,0.5036581930605267,-0.7775924921063724,-0.2923516738968448,-1.351848980797406,-1.3870533901390651,1.8847343810578905,1.4258986745664237,0.987440408127058,0.28638167170420775
S3,baseline,0.5060529076754852,-0.7326058778611566,-0.401753071136449,-1.2485595572180044,-1.3708061490284327,0.805832236185859,0.8429864234204351,-0.011220913728715923,0.6819502759635393
S3,baseline,0.5046373655139096,-0.8134937286867713,-0.5181760901450546,-1.1953886907880396,-1.5798640139563145,2.1072712981069337,1.9185145249487878,-0.011220913728715923,0.923896699054436
S3,baseline,0.5039465951829322,-0.8473154306994919,-0.46200311599304256,-1.190038106283855,-1.3639748613528424,2.6728500833230573,2.374001472047982,0.48810974719917105,1.0603134717917395
S3,baseline,0.5053590811997606,-0.842721630755794,-0.49892325626230855,-1.1937254396657997,-1.5333415245232151,1.5174724096880499,1.753018794971007,1.486771069054945,-1.6571016926381115
S3,baseline,0.5118986173115168,-0.8435946820527118,-0.6481893448355988,-1.0585897814205412,-1.4444519551174873,1.193588139400538,0.5601962776976528,-0.011220913728715923,0.6122723454246736
S3,baseline,0.5151985795333766,-0.8313141909693785,-0.593828402107845,-1.1713446655549293,-1.4991691830243674,2.6728500833230573,2.4895310834677065,0.987440408127058,-0.11218041841631708
S3,baseline,0.5255388533318462,-0.764069981391151,-0.47808489488333633,-1.2437854467541223,-1.4744050266341995,1.3263528046666868,0.8931630423568935,0.987440408127058,0.290134879446931
S3,baseline,0.5296277996758176,-0.8564515113861929,-0.5023208151827931,-1.2537988027652027,-1.5375257910094484,0.6770521099649487,-0.3535587417169268,1.486771069054945,-0.019871486348588385
S3,stress,0.6363812663461561,-0.42562063844012715,-0.7186320664536461,-1.0369659922372831,2.5731551062233007,-1.2959694723823125,-0.8147788857006464,0.48810974719917105,0.2571273702670155
S3,stress,1.3133912134010806,2.462432167828293,-0.9127459327773331,-0.634276758513744,2.3845354064000728,-0.68261331606636,-0.5300435292462258,0.48810974719917105,-0.4665321755212373
S3,stress,1.404264477370749,2.462432167828293,-1.0185232671684203,0.07705724387495609,1.291933930509338,-0.19949044752833486,0.6958403169271659,0.48810974719917105,-0.9141990696608735
S3,stress,1.0260644579476816,1.3957616092354173,-0.9782055679786696,-0.1857532377296229,1.6927791099450638,0.8226058286997734,1.4357146104343503,0.48810974719917105,0.22199447310109244
S3,stress,1.0039797221749933,2.462432167828293,-0.9997234411417388,-0.04791957095004998,0.43128514979670496,0.15757448739506963,1.1966670203363285,0.48810974719917105,-0.031183412951057116
S3,stress,1.2674479626993687,2.462432167828293,-1.0223738339449695,-0.25314823335564274,0.6879987828506893,0.42553903712631785,1.8880912569129904,-0.5105515746566012,1.0341782864759703
S3,stress,1.4805916410430304,0.23755904179346188,-1.0115016453994188,-0.1685415715436807,2.5384108837741275,-0.9863967167019192,-0.6568230290606553,1.9861017299828285,-2.362956643980407
S3,stress,1.2232550788482872,1.0426592780045252,-1.0031210000622235,-0.2800567314481934,2.225810856591759,-0.8135454079554817,-0.6296681291301337,-1.0098822355844899,1.0149782826569351
S3,stress,1.0370156493376212,0.7573536253399438,-0.9940608429409311,-0.33037751675054233,0.8086890447512266,0.0780690125052062,0.43392310002079465,0.48810974719917105,-0.7404308430087982
S3,stress,0.8859909031110837,0.06807264926274727,-0.9324517745161437,-0.7490824308064178,0.7114050704436304,-0.18166043565824894,0.4299482297122881,0.987440408127058,-1.4319198911361088
S3,stress,0.8376329111287851,1.0032968874692794,-0.8889630203339408,-0.8838289119192939,0.2793545247944306,0.7372402227298569,1.0105062439987123,0.48810974719917105,0.491237146992011
S3,amusement,1.0581980364577233,-0.4945655247609722,-1.0078775825509019,-0.18452352850070172,-1.2750213305788876,1.6309027183579605,1.3432399773757824,-0.5105515746566012,0.3058407928336347
S3,amusement,1.0522628250079673,-0.5302838790199348,-1.0069715668387726,-0.22927686098206404,-1.5240870171149274,2.4537397992327414,2.3113894291618613,0.987440408127058,-0.7825190249671773
S3,amusement,1.0094680079744625,-0.3320267017889831,-0.9861332054598004,-0.4945985963488373,-1.5169888430207246,1.5765747086398005,0.6318230331125267,-0.011220913728715923,0.32762796813529677
S3,amusement,0.9580814067766119,-0.6852995807627599,-0.9779790640506374,-0.5182840741020841,-1.550224344847827,2.595342936159173,2.4895310834677065,0.987440408127058,-0.33655211840630317
S3,amusement,0.9313028135567243,-0.7447745782047476,-0.9403794119972745,-0.7095378042274019,-1.3749720547146462,1.3714768810145372,1.9411888432725124,-0.011220913728715923,0.5375566597274513
S4,baseline,-1.2523533357580894,-0.7801362067454236,0.09746158624675516,1.58179304750641,0.07753253971963488,0.006156600576110502,-0.1172547452955366,-1.0098822355844899,0.7618681055861816
S4,baseline,-1.2542986278132047,-0.7911079536656831,1.1559144419417247,0.7454849121752041,-0.6856770827563788,1.2985712448869648,0.5815823765239715,0.48810974719917105,-0.625739611464825
S4,baseline,-1.2568303399355256,-0.7926843234229606,1.2582942174123273,0.6384716555190777,-0.8357418733851945,0.10223631559947725,-0.7319256349227992,-1.0098822355844899,1.0487793872739055
S4,baseline,-1.2574703165966838,-0.7925822890777913,0.4326873997345692,1.260990753182713,-0.9744839549669176,0.41379720988864577,-0.5338508942177436,-0.011220913728715923,0.5620090458837932
S4,baseline,-1.2558282932513791,-0.7911571250608933,0.04491267494326,1.6266180003303736,-0.8824534577880039,0.6688758604091322,0.01659535638277937,0.987440408127058,-1.496926548331405
S4,baseline,-1.2551059306664423,-0.7908039796246807,0.03471999818180619,1.665174398941789,-1.0708792004726604,0.21957679980424752,-0.693344781663858,-0.011220913728715923,1.2993035119174083
S4,baseline,-1.2560138898082973,-0.7916394874029055,0.3824035277113971,1.0482685550046789,-0.36818739895222763,-0.022046372799997462,-0.3232802084221323,-0.5105515746566012,0.6446881178511823
S4,baseline,-1.255847213538197,-0.7924013012663458,0.9380176631746456,0.7502574914282157,-1.0476313325158289,0.5925515020526684,0.4810737139196985,0.48810974719917105,0.0763660061713319
S4,baseline,-1.254104754575458,-0.791844931325404,1.6105078255025644,0.3908300011319106,-1.022962035665927,0.5215555395997995,0.027189416344974553,0.48810974719917105,0.036126831928274865
S4,baseline,-1.2510087257789995,-0.7887746237338147,1.0383589032929574,0.8393437835422783,-0.5000691536536871,0.23498924481863093,1.5068922236842774,-0.011220913728715923,1.055858112710989
S4,baseline,-1.2479551414221013,-0.7924971634040261,0.6875043187709143,0.9703075580786206,-1.0491316182495516,1.5787669015136487,1.4775170996130176,-0.5105515746566012,0.6414405877607059
S4,baseline,-1.2463237163393917,-0.7939084631583726,0.18375958282706406,1.4624609473654178,-1.0602873255673977,1.1858114384769578,0.3211796345403331,0.987440408127058,-1.0738038340240614
S4,baseline,-1.2460141841954404,-0.7931425218312198,0.14434789934944267,1.4779382250914184,-1.0255476472183667,1.0666129205865142,0.3756397433313192,1.486771069054945,-2.238844418906814
S4,baseline,-1.245346672002628,-0.7944613169240644,-0.19155742592246827,1.6871906496545233,-1.1748186546297155,1.3622202726198795,0.6682632655178324,-0.011220913728715923,1.0593368601209598
S4,baseline,-1.2441635147346641,-0.7945396411815641,-0.13696997926668233,1.725761362080181,-1.251247694730561,0.8449641866765827,0.1461903753851234,0.987440408127058,-1.1702544978846687
S4,baseline,-1.240416315504546,-0.7750378165996518,-0.27083380073377566,1.7503581959966865,0.014637060113541015,-0.24295051496425743,0.014096405006852402,-0.011220913728715923,0.9618871359901839
S4,baseline,-1.2317261331525982,-0.7920764468400817,-0.2726458321580341,1.7883258097122243,-0.8025284033968428,1.0715114773042231,1.1803837760269993,0.48810974719917105,-0.24396220678209882
S4,baseline,-1.2351139618031097,-0.795291885702497,-0.22961008583189582,1.7014036075649193,-1.102677717350562,0.8218688774983162,0.3561440718444461,-0.011220913728715923,1.1576389788166273
S4,baseline,-1.2372580332511895,-0.7944998674656109,0.343218348161808,1.259097310500947,-1.0147811730399772,0.5814464429885229,-0.28429491851223637,-0.011220913728715923,0.5770484674926999
S4,amusement,-1.2271829941237478,-0.695522108766845,0.5864835668685054,1.108559527925948,-0.9202197887096772,0.9173039589667153,0.1763259072341749,-0.011220913728715923,0.9359224062448708
S4,amusement,-1.2195893026996032,-0.7789948029097332,2.0261425334418472,0.025881964256707884,-0.5242152844905683,1.2562206510907994,1.5405276145786562,-1.0098822355844899,0.2859934769907512
S4,amusement,-1.2177378956529534,-0.7988381498439318,1.4775500197476004,0.3321222318775703,-0.7093328557614814,0.19521161199745454,0.17009552906692113,-0.5105515746566012,0.5834916267655124
S4,amusement,-1.2172554419421187,-0.7980142408858117,0.005047983609574005,1.5095723162704042,-0.7138712615412494,0.13431153258993533,-0.14466899627796398,-0.5105515746566012,0.8680144939336716
S4,amusement,-1.215854808688449,-0.7978717869731341,1.2995179323142072,0.5608124443438429,-0.8047638512694524,-0.27475816445909657,-0.9555430806973398,-0.5105515746566012,0.27161744140055555
S4,amusement,-1.2151482951311183,-0.8004991940902058,2.185374794848559,-0.1642807915186964,-0.6318232942737946,-0.4597821638178796,-0.6816028589147533,-1.5092128965123768,1.3906660263815582
S4,amusement,-1.0265277600694418,2.462432167828293,1.9287458443879553,-0.15524158025760074,0.185596657068307,0.6298874866750283,1.5210209416931564,0.987440408127058,-1.1320449206123095
S4,stress,-0.6390388773735168,0.649182097833864,1.7242127973747825,-0.3644809017296822,0.7532400106614137,-0.6255037127327577,-0.5514976605310291,-0.011220913728715923,-0.8930482625501736
S4,stress,-0.5171716262289351,0.5799663874849155,1.3937435663756468,-0.2617616975382197,0.27055069087656847,-0.7630224633759142,-0.6624752709073353,-0.5105515746566012,-0.22324574346947093
S4,stress,-0.5000357319445652,0.2905460499668752,0.9520609067126486,-0.08013446013691838,0.9307141681664921,-0.734078614311883,-0.7945667368944762,0.48810974719917105,-1.2904479348369147
S4,stress,-0.385983617268244,0.31869712881967127,0.6521697059978745,-0.08182345973201578,0.5737950516021952,-0.7049140301168849,-0.9300630057910079,0.48810974719917105,0.06100929075154975
S4,stress,-0.24559968085478287,1.6574259047741535,-0.10548593327019169,0.24025873625805974,0.2516903064047488,-0.597392927235282,-0.10437070174914168,-0.5105515746566012,0.1439558918685719
S4,stress,-0.15720392551439635,0.1046793526937348,0.15703211931925184,-0.07074163039563071,1.6613702387454974,-0.7103356858666449,-0.6150602193765421,-0.5105515746566012,0.7816403085116551
S4,stress,-0.12132210789907033,-0.11836424912198977,0.3083367432448328,-0.21392809005118651,1.3690629366057836,-0.39143354008226844,0.2554588014726904,-0.5105515746566012,0.8340155165956279
S4,stress,-0.10086987335897295,-0.044453134353419944,-0.017375905265624367,-0.06434253595570175,1.5415121809018242,-0.3479944606818219,-0.021628824297503752,0.48810974719917105,-0.3254562704152317
S4,stress,-0.12871027283324224,0.23866169642987173,-0.3261007591736585,0.17655277210275183,1.1224753978613171,-0.44202313849923736,-0.35884351628055866,-0.011220913728715923,-0.04318543990921015
S4,stress,-0.07925138254525553,0.3204972541506516,-0.23799073116909117,0.05947248151726734,1.5044378073150046,-0.47237296037277837,-0.43636213249095146,-0.011220913728715923,0.9575975458064627
S5,baseline,0.3046809819833694,1.1031177651630457,0.4077719676510154,-1.3091375433535666,-0.5712396840462607,-0.638775205235241,-0.48101734754145514,1.486771069054945,-2.0474024267937483
S5,baseline,0.138027849105496,1.1161798545917527,0.743450788994894,-1.2398235333695908,-0.3649059493219233,-0.9446858729549779,-0.554889322185326,0.48810974719917105,-0.5564515358772238
S5,baseline,-0.05404439437998384,0.41726592541231833,1.0331493129482145,-1.1586762438802058,-0.5708008398073056,-0.8967439068482982,-0.9068020537741068,0.48810974719917105,-0.5575128625170219
S5,baseline,-0.16428041507353272,-0.32138501711527756,1.064633358944705,-1.1479178101264493,-0.7014188462973938,-0.95127760167746,-1.1296715077804689,0.48810974719917105,-0.5113574701041997
S5,baseline,-0.24177325160109966,-0.28478616733605683,1.1785648347449553,-1.133979596537403,-0.6608672464873941,-0.8970462322001633,-0.9057172305005352,0.987440408127058,-1.3997560591407983
S5,baseline,-0.3049663384902044,-0.5581061267032623,1.245609997442518,-1.0779907713046892,-0.7927280028367294,-0.9233853904796051,-1.3853840524187377,0.48810974719917105,-0.5342372626310408
S5,baseline,-0.3457389761870459,-0.5405980827419892,1.207104329677026,-0.944423798752643,-0.9547707257943088,-0.7923101526022452,-1.0217175121019642,0.48810974719917105,-0.31602341657568533
S5,baseline,-0.3797814571671715,-0.7177622062225032,1.2290752106961598,-0.9476704383465742,-0.7310747323151592,-1.0272871838557498,-1.3190629382829013,-0.011220913728715923,-1.0959455397913107
S5,baseline,-0.4067721667836085,-0.7118238752033523,0.14751895434189496,-0.48985752225402385,-0.7580360973440464,-0.8714350509856594,-0.9208402997879885,-0.011220913728715923,-0.3742991810116773
S5,baseline,-0.4247302365544068,-0.7981861674416727,-0.2561110454116757,-0.17556647337905246,-0.7889389856712385,-0.701416590137793,-0.6070471714724219,1.486771069054945,-1.4374808057120705
S5,baseline,-0.4291415925661904,-0.8170806510297505,-0.11930267288016241,-0.24037332652746696,-0.8741466760568345,-0.9267800242359067,-1.3096009736796768,-0.5105515746566012,1.0273234320978806
S5,baseline,-0.4298655331012342,-0.8147221990306499,-0.33153685344643385,-0.10036438617578965,-0.22950895771327623,-0.9830658102574954,-0.8076134636947301,0.48810974719917105,-0.7197274792402583
S5,baseline,-0.44085731589737104,-0.8328738130264473,-0.2918986660407802,-0.10730174334914175,-0.5292551319220973,-0.9970939955700242,-0.6358929419213754,-0.5105515746566012,1.387253023962994
S5,baseline,-0.440751064233949,-0.7844464498379227,0.34140631673754956,-0.49331522180656073,-0.3751420492588949,-0.9055965810433944,-0.23906569500109187,-0.011220913728715923,-0.4953880962838855
S5,baseline,-0.44185421459486623,-0.8318177537292657,-0.3294983180941431,-0.01553105737072424,-0.4676237641872945,-0.9937019091194831,-0.88135967009014,-0.011220913728715923,0.009596149346018077
S5,baseline,-0.4389843526012726,-0.8333508125761002,-0.20175010268392207,-0.15421298223627944,-0.28219106592220516,-0.9652770111946509,-0.43943624161028333,-0.011220913728715923,-1.5450392859372815
S5,baseline,-0.43526733393411804,-0.8383625402251105,-0.36551244265127986,-0.07219681552102741,-0.6243034829991831,-0.9660265352512316,-1.1718876604717356,0.48810974719917105,-0.7933412305614782
S5,baseline,-0.44140152126487825,-0.8350590156466733,0.06008843812142455,-0.32108720896318804,-0.6619747394662783,-0.9203901579966632,-1.0724234644576118,0.48810974719917105,-1.2236981300652712
S5,baseline,-0.44282254090843404,-0.8117228209291095,-0.23980276259334962,-0.10169089554936923,-0.6859632230043023,-0.6414836129840062,0.04868412903926221,-0.011220913728715923,-0.03292703406893153
S5,baseline,-0.4038920813661425,2.462432167828293,0.17379340999364254,-0.4535015501856125,-0.5420726043928081,1.9851967696884545,0.9986828662328473,0.48810974719917105,0.24013436082652476
S5,amusement,0.2966003297150387,0.41776335784849206,-0.061997179087988796,-1.1581836640622512,-0.2635966351354073,-0.9925352521097149,-0.8929218672226618,0.987440408127058,-1.9795787551705315
S5,amusement,0.30843354080264335,1.257840956943987,-0.2232679758469912,-1.0777399231922273,-0.06577242212023575,-1.0794177231769826,-0.4483474126212537,-0.011220913728715923,0.5783927658620117
S5,amusement,0.24804902070729137,-0.1254860364019726,-0.42757451893213194,-0.7912195659233222,-0.4152179563005327,-1.0180920483149274,-1.026269329821229,0.987440408127058,-1.2487221223948886
S5,amusement,0.16282314343752174,0.1585380207037017,-0.09846431150119019,-1.01025958681875,-0.19379466802455989,-1.1121489151588082,-1.0998301888022028,1.9861017299828285,-2.7528326560414684
S5,amusement,0.1306219881561413,0.21179800379516167,0.07050761881091067,-1.0893234362595157,-0.26867869182747345,-0.7431949944289771,0.011980347411288172,0.987440408127058,-1.3256795777622699
S5,amusement,0.11685293759959738,-0.08015021914527003,0.1656392685844795,-1.1025066373188266,-0.3832891403807814,-0.3543237075204586,-0.4241568956678151,0.987440408127058,-0.9106351364475358
S5,stress,1.2597242143300174,2.462432167828293,-0.6647241315819571,-0.6769441372751457,2.2053566575721146,-0.17345998172297544,0.9637026962015681,1.9861017299828285,-2.061566250052439
S5,stress,1.6151818313498414,1.0992298130484965,-1.0142196925358065,1.2808000005978912,2.4701967276509578,-1.2604318273516806,-1.0960461912689636,0.48810974719917105,-0.5116994548241064
S5,stress,1.5974495051768984,2.462432167828293,-1.0506868249490078,1.860496041078176,2.222612540628151,-1.2272058902728469,-0.9268305104529813,0.48810974719917105,0.6822690227997728
S5,stress,1.4308376861766317,1.3766516424946347,-1.0538578799414602,1.4357368968535673,2.1096665375743298,-1.1641689838174403,-0.6735388309159215,0.48810974719917105,-0.08781396814860679
S5,stress,1.326190181343267,1.261526086413606,-1.0230533457290665,1.057729708869803,2.128842084790971,-0.3921636291105862,-0.8554457877678977,0.48810974719917105,0.7875922947283658
S5,stress,1.3588753229421953,0.7991174156631748,-1.0139931886077742,0.4685025404185179,1.3695961777066314,-1.2541440741298608,-1.1311958976263932,-2.00854355744026,-1.530707663683068
S5,stress,1.5377318503752728,0.9326179399012223,-1.018296763240388,0.6652364234911353,2.1860507683050607,-1.3698537990355752,-1.5241067833559925,-1.0098822355844899,0.8900683017080216
S5,stress,1.7198257993984838,1.6322125312648998,-1.0250918810813572,1.233510400907793,1.2566517913671662,-1.31416431314028,-1.2116050114655794,-0.011220913728715923,0.27490765598181327
S5,stress,1.6081801553677062,1.8476556380937026,-1.013766684679742,0.9421735196772227,1.5481337760632639,0.47923328604000076,-0.6154881337986944,0.987440408127058,-0.8778191644818711
S5,stress,1.535460448631405,1.6544049705205721,-1.029395455713971,1.2029505311356645,1.8053728911113744,-1.2012252604059095,-0.9689126425443375,-0.011220913728715923,0.8606031906227992
S6,baseline,1.4631258372935014,0.34501788830209884,-1.055896415293751,0.06121639894310538,0.06321228068130931,-0.8702065219449101,-0.41354716090066745,-0.011220913728715923,0.6236147131073152
S6,baseline,1.240496193989592,1.3811207304632456,-1.048648289596717,-0.09213876875822918,0.006298952193779527,-0.8792211091567689,-0.7543807703973586,-0.011220913728715923,1.1445035712808342
S6,baseline,1.0049587283692651,0.8428745547102643,-1.028715943929874,-0.3757836452381479,-0.17644471366435732,-0.6915430087082513,-0.5305416969844383,-0.011220913728715923,-0.305439760849951
S6,baseline,0.8255268053594803,0.3729021249755275,-0.9403794119972745,-0.8004532100013125,-0.13751874768142078,-0.779380040239493,-0.8811639821002185,1.9861017299828285,-1.801207936612004
S6,baseline,0.7069082088751415,-0.18563222437352633,-0.8626885646821932,-1.0536959345641115,-0.38600009947799374,-0.7521463198363406,-1.0873889631680675,0.987440408127058,-1.0463083691620942
S6,baseline,0.6322260733037326,-0.4273232943482265,-0.8058360787460842,-1.135572775319971,-0.3457451098812694,-0.696669668860727,-0.4679145749761463,0.48810974719917105,-0.818271871189341
S6,baseline,0.5753656961924534,-0.4054135621939441,-0.7668774031245275,-1.1836859879467956,-0.2846416657583563,-0.5676518986103747,-0.8089957963531064,0.48810974719917105,0.3245222902477886
S6,baseline,0.524823113905308,-0.6586911736339827,-0.7512486320902984,-1.1937603601228215,-0.31738810976336823,-0.6749780422657571,-0.9367594908029394,-0.011220913728715923,0.042223120343963305
S6,baseline,0.4887801670283992,-0.6905671042444762,-0.7301837667832938,-1.2549693813183969,-0.31116967525776806,-0.659056452571261,-1.036168777553989,-0.011220913728715923,0.5853553177275074
S6,baseline,0.4637163702780934,-0.763261981099833,-0.7274657196469061,-1.2307105922055877,-0.27574918169601653,-0.7342061220944781,-1.1983413584136535,0.48810974719917105,0.5427202358995762
S6,baseline,0.43353336179421437,-0.6661033575185176,-0.730410270711326,-1.2208153043339438,0.05583485298705671,-0.7426463288803383,-0.7136147937538903,0.48810974719917105,-0.040464798367659295
S6,baseline,0.4190564857448103,-0.6976692717229399,-0.7408294514008122,-1.162419365353951,0.0672286171255389,-0.682434798542006,0.8305066270191012,0.48810974719917105,-0.3803510319476249
S6,baseline,0.4067806354690864,-0.8142506458818048,-0.6848829811768324,-1.174714638481187,0.5800477679155681,-0.7765035690363264,0.031173154166569576,1.486771069054945,-0.46514320812482646
S6,baseline,0.3977764259314076,-0.8515636903335496,-0.6660831551501509,-1.221477385803861,-0.1247396300309214,-0.557223798427414,-0.5807471806719083,0.48810974719917105,0.3309899976866238
S6,baseline,0.40312354565417047,-0.6855126438422796,-0.6309750463051434,-1.2461807966273781,0.4334827273071429,-0.682928169812673,-0.031725475836871,0.48810974719917105,0.36750838159584615
S6,baseline,0.398231833819242,-0.830726635512162,-0.6450182898431465,-1.3017387679154548,0.27270566367672266,-0.39443246054084596,0.5084304156735328,1.486771069054945,-1.2619875271601615
S6,baseline,0.3934204976842973,-0.7028001847135675,-0.6735577847752171,-1.2590692212255896,0.7163227767177888,-0.10080572571245011,0.21549702473002727,0.987440408127058,-0.4968921581053566
S6,baseline,0.3864215362600091,-0.7965672662459269,-0.682391437968477,-1.2859781826958028,0.0746313432244248,-0.9328011581934891,-1.1684386165597593,1.486771069054945,-1.002547802894574
S6,baseline,0.3863416956120731,-0.8285465250362422,-0.7064008543399015,-1.2260045144307705,0.43889800674568724,-0.9243023260590358,-0.2970488498498814,0.48810974719917105,0.011401975775678372
S6,baseline,0.7032005611760546,2.462432167828293,-0.8454742661517379,-0.9380261334230164,0.5284438465517418,0.36499623537171855,1.7769568136460565,1.9861017299828285,-1.618497377580663
S6,stress,1.2787084776536475,0.3716390879009545,-1.0690336431196248,0.7738185193277918,1.1921105268490109,-0.5985228820786924,-0.7790327545658746,-1.0098822355844899,1.1062611726922673
S6,stress,1.0900472000411279,1.8779317419013288,-1.0563494231498156,0.4316421671392374,1.0998476926995981,-0.34783443895653887,-0.1287991242193172,-0.011220913728715923,0.26577346260265855
S6,stress,0.9579624136195111,0.04457481186647861,-1.0450242267482002,0.11281933766416725,0.7312921410685805,-0.16751881552018782,-0.13105307727534296,0.48810974719917105,-0.8389390242792142
S6,stress,1.0396891381610185,0.9407046746149025,-1.0592939742142355,0.054101751295750684,0.6346698723822344,-0.19953321807765462,0.04740738603017112,-0.011220913728715923,-0.11999047489630482
S6,stress,1.2379686202076854,0.7333654871114493,-1.064730068487011,0.46740571915917606,0.7633731062957818,-0.3887875337797619,-0.32700995126527255,0.48810974719917105,-0.125079819661142
S6,stress,1.3984736816075938,1.8528470232795666,-1.0554434074376864,0.10585083167646554,0.8690915201591303,-0.765335032519977,0.08016260084310822,-0.011220913728715923,1.0541335522691082
S6,stress,1.6797264415741555,1.891505781950126,-1.0624650292066877,0.5782081084184407,0.8613279844564179,-0.33969835738208254,-0.08050795432189525,-0.011220913728715923,0.3323298167145506
S6,stress,1.8631795558058903,0.5209462819449694,-1.0601999899263648,0.7999936411280809,0.9932784185174843,-0.46294845609073293,-0.6247717222879385,0.48810974719917105,0.26275967978297615
S6,stress,1.7410281527263558,0.9061061938717625,-1.0583879585021063,0.6531495205145889,1.1301096822045793,-0.3585421456173787,-0.059846464592688886,-0.011220913728715923,0.5891373391467312
S6,stress,1.7918868086977424,0.57266344939098,-1.061785517422591,0.3787798571559395,0.5054007281345506,0.019317592963063266,0.13884329318533983,-0.011220913728715923,0.4721500701227106
S6,amusement,1.5691041767828968,2.462432167828293,-1.0626915331347202,0.40715577206145404,0.11430027889462113,-0.3470653687623236,0.5381172962265731,-0.011220913728715923,0.7226005514901003
S6,amusement,1.1808943250556736,-0.44966459844718387,-1.061785517422591,-0.06093581392971712,-0.5184347374802035,-0.7611051979928455,-0.14454542948299234,-1.5092128965123768,1.3602414882100797
S6,amusement,1.1255228647859394,-0.6469080611153359,-1.0590674702862033,0.08169722927631216,-0.14698308974711327,-0.6552714496100528,-0.4020054628725005,-1.5092128965123768,1.2284450692444604
S6,amusement,1.1040963458103188,-0.6285621636205456,-1.0538578799414602,-0.07455415488853061,-0.12380258766935552,-0.36931831811112,0.110076903839926,-1.5092128965123768,0.6673806567385602
S6,amusement,1.08214976229009,-0.8034180374465969,-1.0615590134945585,0.0031811776753758016,-0.3043303761669407,-0.691852364474655,-0.36732698696700233,-1.5092128965123768,0.5981969686245568
S6,amusement,1.0631509739659553,-0.7982525732065479,-1.0565759270778479,0.006819944393804246,-0.41372629147933476,-0.3852938313805395,-0.5748987528963379,-0.5105515746566012,-0.006527135015816319
